2013-07-31 22:35:37,1317.01,19.634,259.66,3874,1434.30,726.08
2013-07-31 22:35:43,1317.08,19.634,259.68,3874,1434.30,726.08
2013-07-31 22:35:48,1316.98,19.624,259.66,3872,1434.30,726.08
2013-07-31 22:35:53,1316.78,19.624,259.62,3872,1434.30,726.08
2013-07-31 22:35:58,1316.68,19.624,259.60,3872,1434.30,726.08
2013-07-31 22:36:03,1316.88,19.624,259.64,3872,1434.30,726.08
2013-07-31 22:36:09,1315.93,19.619,259.45,3868,1428.70,725.30
2013-07-31 22:36:18,1315.67,19.619,259.40,3868,1428.70,725.30
2013-07-31 22:36:24,1315.68,19.619,259.40,3868,1428.70,725.30
2013-07-31 22:36:29,1315.68,19.619,259.40,3868,1428.70,725.30
2013-07-31 22:36:34,1315.68,19.619,259.40,3868,1428.70,725.30
2013-07-31 22:36:39,1315.68,19.619,259.40,3868,1428.70,725.30
2013-07-31 22:36:44,1315.68,19.619,259.40,3868,1428.70,725.30
2013-07-31 22:36:49,1315.68,19.619,259.40,3868,1428.70,725.30
2013-07-31 22:36:54,1315.68,19.619,259.40,3868,1428.70,725.30
2013-07-31 22:37:00,1315.68,19.619,259.40,3868,1428.70,725.30
2013-07-31 22:37:05,1315.68,19.619,259.40,3868,1428.70,725.30
2013-07-31 22:37:10,1315.68,19.619,259.40,3868,1428.70,725.30
2013-07-31 22:37:15,1315.68,19.619,259.40,3868,1428.70,725.30
2013-07-31 22:37:20,1315.68,19.619,259.40,3868,1428.70,725.30
2013-07-31 22:37:25,1315.68,19.619,259.40,3868,1428.70,725.30
2013-07-31 22:37:30,1315.68,19.619,259.40,3868,1428.70,725.30
2013-07-31 22:37:35,1315.68,19.619,259.40,3868,1428.70,725.30
2013-07-31 22:37:40,1315.68,19.619,259.40,3868,1428.70,725.30
2013-07-31 22:37:45,1315.68,19.619,259.40,3868,1428.70,725.30
2013-07-31 22:37:50,1315.68,19.619,259.40,3868,1428.70,725.30
2013-07-31 22:37:55,1315.68,19.619,259.40,3868,1428.70,725.30
2013-07-31 22:38:00,1315.68,19.619,259.40,3868,1428.70,725.30
2013-07-31 22:38:05,1315.68,19.619,259.40,3868,1428.70,725.30
2013-07-31 22:38:10,1315.68,19.619,259.40,3868,1428.70,725.30
2013-07-31 22:38:15,1315.68,19.619,259.40,3868,1428.70,725.30
2013-07-31 22:38:21,1315.68,19.619,259.40,3868,1428.70,725.30
2013-07-31 22:38:26,1315.68,19.619,259.40,3868,1428.70,725.30
2013-07-31 22:38:31,1315.68,19.619,259.40,3868,1428.70,725.30
2013-07-31 22:38:36,1315.68,19.619,259.40,3868,1428.70,725.30
2013-07-31 22:38:41,1315.68,19.619,259.40,3868,1428.70,725.30
2013-07-31 22:38:46,1315.68,19.619,259.40,3868,1428.70,725.30
2013-07-31 22:38:52,1315.68,19.619,259.40,3868,1428.70,725.30
2013-07-31 22:38:57,1315.68,19.619,259.40,3868,1428.70,725.30
2013-07-31 22:39:02,1315.68,19.619,259.40,3868,1428.70,725.30
2013-07-31 22:50:47,1317.63,19.644,259.79,3876,1430.95,725.15
2013-07-31 22:50:52,1316.03,19.604,259.47,3868,1434.25,725.75
2013-07-31 22:50:57,1316.05,19.609,259.47,3868,1434.25,725.75
2013-07-31 22:51:03,1310.21,19.514,258.32,3850,1427.60,722.13
2013-07-31 22:51:11,1310.21,19.514,258.32,3850,1427.60,722.13
2013-07-31 22:51:16,1310.21,19.514,258.32,3850,1427.60,722.13
2013-07-31 22:51:21,1310.21,19.514,258.32,3850,1427.60,722.13
2013-07-31 22:51:26,1310.21,19.514,258.32,3850,1427.60,722.13
2013-07-31 22:51:31,1310.21,19.514,258.32,3850,1427.60,722.13
2013-07-31 22:51:36,1310.21,19.514,258.32,3850,1427.60,722.13
2013-07-31 22:51:41,1310.21,19.514,258.32,3850,1427.60,722.13
2013-07-31 22:51:46,1310.21,19.514,258.32,3850,1427.60,722.13
2013-07-31 22:51:51,1310.21,19.514,258.32,3850,1427.60,722.13
2013-07-31 22:51:56,1310.21,19.514,258.32,3850,1427.60,722.13
2013-07-31 22:52:01,1310.21,19.514,258.32,3850,1427.60,722.13
2013-07-31 22:52:06,1310.21,19.514,258.32,3850,1427.60,722.13
2013-07-31 22:52:11,1310.21,19.514,258.32,3850,1427.60,722.13
2013-07-31 22:52:17,1310.21,19.514,258.32,3850,1427.60,722.13
2013-07-31 22:52:22,1310.21,19.514,258.32,3850,1427.60,722.13
2013-07-31 22:52:27,1310.21,19.514,258.32,3850,1427.60,722.13
2013-07-31 22:52:32,1310.21,19.514,258.32,3850,1427.60,722.13
2013-07-31 22:52:37,1310.21,19.514,258.32,3850,1427.60,722.13
2013-07-31 22:52:42,1310.21,19.514,258.32,3850,1427.60,722.13
2013-07-31 22:52:47,1310.21,19.514,258.32,3850,1427.60,722.13
2013-07-31 22:52:52,1310.21,19.514,258.32,3850,1427.60,722.13
2013-07-31 22:52:57,1310.21,19.514,258.32,3850,1427.60,722.13
2013-07-31 22:53:02,1310.21,19.514,258.32,3850,1427.60,722.13
2013-07-31 22:53:08,1309.31,19.484,258.15,3844,1427.15,722.55
2013-07-31 22:53:14,1309.33,19.494,258.15,3846,1427.15,722.55
2013-07-31 22:53:19,1309.35,19.494,258.15,3846,1427.15,722.55
2013-07-31 22:53:27,1309.44,19.494,258.17,3846,1427.15,722.55
2013-07-31 22:53:32,1309.66,19.494,258.21,3846,1427.15,722.55
2013-07-31 22:53:37,1309.62,19.494,258.21,3846,1427.15,722.55
2013-07-31 22:53:42,1309.67,19.499,258.22,3846,1427.15,722.55
2013-07-31 22:53:48,1309.54,19.499,258.19,3846,1427.15,722.55
2013-07-31 22:53:53,1309.37,19.489,258.16,3846,1427.15,722.55
2013-07-31 22:53:58,1309.30,19.489,258.14,3846,1427.15,722.30
2013-07-31 22:54:03,1309.13,19.489,258.11,3844,1427.15,722.30
2013-07-31 22:54:08,1309.15,19.489,258.11,3844,1427.15,722.30
2013-07-31 22:54:13,1308.95,19.474,258.07,3842,1427.15,722.30
2013-07-31 22:54:18,1308.96,19.484,258.08,3844,1427.15,722.30
2013-07-31 22:54:23,1309.12,19.484,258.11,3844,1427.15,722.30
2013-07-31 22:54:29,1309.14,19.484,258.11,3844,1427.15,722.30
2013-07-31 22:54:34,1308.94,19.484,258.07,3844,1427.15,722.30
2013-07-31 22:54:39,1308.87,19.484,258.06,3844,1427.15,722.30
2013-07-31 22:54:44,1308.20,19.474,257.93,3842,1427.15,722.30
2013-07-31 22:54:50,1307.65,19.464,257.82,3840,1427.15,722.30
2013-07-31 22:54:56,1307.46,19.464,257.78,3840,1427.15,722.53
2013-07-31 22:55:01,1307.07,19.464,257.70,3840,1427.15,722.53
2013-07-31 22:55:06,1307.13,19.464,257.72,3840,1427.15,722.53
2013-07-31 22:55:11,1307.08,19.464,257.73,3840,1427.15,722.53
2013-07-31 22:55:16,1306.76,19.454,257.66,3838,1427.15,722.53
2013-07-31 22:55:21,1307.22,19.464,257.73,3840,1427.15,722.53
2013-07-31 22:55:26,1307.45,19.474,257.78,3842,1427.15,722.53
2013-07-31 22:55:32,1308.00,19.474,257.90,3842,1427.15,722.53
2013-07-31 22:55:37,1308.09,19.484,257.89,3844,1427.15,722.53
2013-07-31 22:55:45,1308.08,19.474,257.90,3842,1427.15,722.53
2013-07-31 22:55:51,1308.13,19.484,257.91,3844,1427.15,722.53
2013-07-31 22:55:56,1308.36,19.474,257.96,3842,1427.60,722.98
2013-07-31 22:56:01,1308.02,19.464,257.87,3840,1427.60,722.98
2013-07-31 22:56:06,1308.01,19.464,257.89,3840,1427.60,722.98
2013-07-31 22:56:12,1307.92,19.464,257.87,3840,1427.60,722.98
2013-07-31 22:56:20,1307.84,19.464,257.86,3840,1427.60,722.98
2013-07-31 22:56:25,1307.74,19.464,257.84,3840,1427.60,722.98
2013-07-31 22:56:31,1307.27,19.454,257.74,3838,1427.60,722.98
2013-07-31 22:56:36,1307.42,19.464,257.77,3840,1427.60,722.98
2013-07-31 22:56:41,1307.56,19.454,257.80,3838,1427.60,722.98
2013-07-31 22:56:46,1307.64,19.464,257.82,3840,1427.60,722.98
2013-07-31 22:56:51,1307.88,19.464,257.86,3840,1427.60,722.98
2013-07-31 22:56:56,1307.92,19.464,257.87,3840,1427.45,722.98
2013-07-31 22:57:01,1307.85,19.464,257.86,3840,1427.45,722.98
2013-07-31 22:57:18,1307.01,19.454,257.69,3838,1427.45,722.98
2013-07-31 22:57:30,1306.86,19.454,257.66,3838,1427.45,722.98
2013-07-31 22:57:37,1307.27,19.454,257.74,3838,1427.45,722.98
2013-07-31 22:57:44,1307.20,19.454,257.73,3838,1427.45,722.98
2013-07-31 22:57:50,1307.30,19.454,257.75,3838,1427.45,722.98
2013-07-31 22:57:57,1307.45,19.464,257.78,3840,1426.20,723.68
2013-07-31 22:58:05,1307.78,19.464,257.84,3840,1426.20,723.68
2013-07-31 22:58:11,1308.09,19.474,257.90,3842,1426.20,723.68
2013-07-31 22:58:18,1308.22,19.464,257.93,3840,1426.20,723.68
2013-07-31 22:58:25,1308.15,19.464,257.92,3840,1426.20,723.68
2013-07-31 22:58:33,1307.97,19.464,257.88,3840,1426.20,723.68
2013-07-31 22:58:39,1307.83,19.464,257.85,3840,1426.20,723.68
2013-07-31 22:58:45,1307.89,19.464,257.87,3840,1426.20,723.68
2013-07-31 22:58:51,1308.05,19.459,257.90,3840,1426.20,723.68
2013-07-31 22:58:57,1308.14,19.469,257.91,3840,1426.20,723.68
2013-07-31 22:59:03,1307.78,19.459,257.84,3840,1426.20,723.68
2013-07-31 22:59:08,1308.08,19.469,257.90,3840,1426.20,723.68
2013-07-31 22:59:13,1308.03,19.459,257.89,3840,1426.20,723.68
2013-07-31 22:59:21,1308.13,19.459,257.91,3840,1426.20,723.68
2013-07-31 22:59:27,1308.51,19.474,257.99,3842,1426.20,723.68
2013-07-31 22:59:32,1308.84,19.484,258.05,3844,1426.20,723.68
2013-07-31 22:59:37,1308.61,19.484,258.01,3844,1426.20,723.68
2013-07-31 22:59:42,1308.77,19.484,258.04,3844,1426.20,723.68
2013-07-31 22:59:47,1308.69,19.484,258.02,3844,1426.20,723.68
2013-07-31 22:59:52,1308.62,19.484,258.01,3844,1426.20,723.68
2013-07-31 22:59:57,1308.97,19.494,258.08,3846,1426.20,723.85
2013-07-31 23:00:06,1308.22,19.474,257.93,3842,1426.20,723.85
2013-07-31 23:00:11,1307.99,19.464,257.88,3840,1426.20,723.85
2013-07-31 23:00:16,1307.96,19.464,257.88,3840,1426.20,723.85
2013-07-31 23:00:21,1307.90,19.464,257.87,3840,1426.20,723.85
2013-07-31 23:00:26,1307.91,19.474,257.87,3842,1426.20,723.85
2013-07-31 23:00:31,1307.76,19.464,257.82,3840,1426.20,723.85
2013-07-31 23:00:36,1307.49,19.464,257.78,3840,1426.20,723.85
2013-07-31 23:00:42,1307.42,19.464,257.77,3840,1426.20,723.85
2013-07-31 23:00:48,1307.51,19.464,257.79,3840,1426.20,723.85
2013-07-31 23:00:53,1307.64,19.464,257.82,3840,1426.20,725.78
2013-07-31 23:00:58,1307.64,19.464,257.82,3840,1426.20,725.78
2013-07-31 23:01:03,1307.64,19.464,257.82,3840,1426.20,725.78
2013-07-31 23:01:08,1307.69,19.464,257.83,3840,1426.20,725.78
2013-07-31 23:01:14,1307.76,19.464,257.84,3840,1426.20,725.78
2013-07-31 23:01:19,1307.78,19.464,257.84,3840,1426.20,725.78
2013-07-31 23:01:24,1307.74,19.474,257.84,3842,1426.20,725.78
2013-07-31 23:01:29,1307.95,19.474,257.88,3842,1426.20,725.78
2013-07-31 23:01:34,1307.80,19.464,257.85,3840,1426.20,725.78
2013-07-31 23:01:40,1307.69,19.464,257.83,3840,1426.20,725.78
2013-07-31 23:01:45,1307.76,19.464,257.84,3840,1426.20,725.78
2013-07-31 23:01:50,1307.78,19.464,257.84,3840,1426.20,725.78
2013-07-31 23:01:55,1307.74,19.474,257.84,3842,1426.20,725.78
2013-07-31 23:02:00,1307.95,19.474,257.88,3842,1426.20,725.78
2013-07-31 23:02:05,1307.80,19.464,257.85,3840,1426.20,725.78
2013-07-31 23:02:10,1307.69,19.464,257.83,3840,1426.20,725.78
2013-07-31 23:02:15,1307.76,19.464,257.84,3840,1426.20,725.78
2013-07-31 23:02:20,1307.78,19.464,257.84,3840,1426.20,725.78
2013-07-31 23:02:25,1307.74,19.474,257.84,3842,1426.20,725.78
2013-07-31 23:02:30,1307.95,19.474,257.88,3842,1426.20,725.78
2013-07-31 23:02:35,1307.80,19.464,257.85,3840,1426.20,725.78
2013-07-31 23:02:40,1307.69,19.464,257.83,3840,1426.20,725.78
2013-07-31 23:02:45,1307.76,19.464,257.84,3840,1426.20,725.78
2013-07-31 23:03:16,1307.93,19.494,257.87,3846,1427.65,728.55
2013-07-31 23:03:24,1307.97,19.494,257.88,3846,1427.65,728.55
2013-07-31 23:03:29,1308.15,19.494,257.92,3846,1427.65,728.55
2013-07-31 23:03:34,1308.21,19.494,257.93,3846,1427.65,728.55
2013-07-31 23:03:39,1308.36,19.494,257.96,3846,1427.65,728.55
2013-07-31 23:03:44,1308.14,19.494,257.91,3846,1427.65,728.55
2013-07-31 23:03:50,1307.97,19.489,257.88,3846,1427.65,728.55
2013-07-31 23:03:55,1308.16,19.509,257.92,3846,1427.65,728.55
2013-07-31 23:04:00,1308.56,19.499,258.00,3846,1427.65,728.55
2013-07-31 23:04:05,1308.51,19.509,257.99,3846,1427.65,728.55
2013-07-31 23:04:10,1308.41,19.489,257.97,3846,1427.65,728.55
2013-07-31 23:04:15,1308.38,19.499,257.96,3846,1427.65,728.55
2013-07-31 23:04:20,1308.44,19.499,257.97,3846,1427.65,728.55
2013-07-31 23:04:25,1308.54,19.509,257.99,3846,1427.65,728.55
2013-07-31 23:04:31,1308.74,19.509,258.03,3846,1427.65,728.55
2013-07-31 23:04:36,1308.74,19.499,258.03,3846,1427.65,728.55
2013-07-31 23:04:41,1309.16,19.499,258.12,3846,1427.65,728.55
2013-07-31 23:04:46,1309.15,19.514,258.11,3850,1427.65,728.55
2013-07-31 23:04:51,1309.34,19.514,258.15,3850,1427.65,728.55
2013-07-31 23:04:56,1309.38,19.514,258.16,3850,1427.65,728.55
2013-07-31 23:05:02,1309.42,19.514,258.17,3850,1427.65,728.55
2013-07-31 23:05:13,1309.41,19.524,258.16,3852,1427.65,728.55
2013-07-31 23:05:22,1309.07,19.514,258.10,3850,1427.65,728.55
2013-07-31 23:05:45,1308.99,19.514,258.08,3850,1427.65,728.55
2013-07-31 23:05:51,1309.08,19.514,258.10,3850,1427.65,728.55
2013-07-31 23:05:58,1308.89,19.514,258.06,3850,1427.65,728.55
2013-07-31 23:06:05,1308.67,19.514,258.02,3850,1427.65,728.55
2013-07-31 23:06:10,1308.62,19.514,258.01,3850,1427.65,728.55
2013-07-31 23:06:16,1308.61,19.514,258.01,3850,1427.65,728.55
2013-07-31 23:06:22,1308.56,19.514,258.00,3850,1427.65,728.55
2013-07-31 23:06:27,1308.46,19.494,257.98,3846,1427.65,728.55
2013-07-31 23:06:32,1308.34,19.494,257.95,3846,1427.65,728.55
2013-07-31 23:06:38,1308.44,19.494,257.97,3846,1427.65,728.55
2013-07-31 23:06:43,1308.54,19.494,257.99,3846,1427.65,728.55
2013-07-31 23:06:49,1308.68,19.494,258.02,3846,1427.65,728.55
2013-07-31 23:06:54,1308.81,19.514,258.05,3850,1427.65,728.55
2013-07-31 23:07:09,1308.76,19.514,258.04,3850,1427.65,728.55
2013-07-31 23:07:15,1308.54,19.514,257.99,3850,1427.65,728.55
2013-07-31 23:07:20,1308.74,19.514,258.03,3850,1427.65,728.55
2013-07-31 23:07:25,1309.01,19.514,258.09,3850,1427.65,728.55
2013-07-31 23:07:30,1309.01,19.514,258.09,3850,1427.65,728.55
2013-07-31 23:07:35,1309.01,19.514,258.09,3850,1427.65,728.55
2013-07-31 23:07:41,1309.01,19.514,258.09,3850,1427.65,728.55
2013-07-31 23:07:46,1309.01,19.514,258.09,3850,1427.65,728.55
2013-07-31 23:07:51,1309.01,19.514,258.09,3850,1427.65,728.55
2013-07-31 23:07:56,1309.01,19.514,258.09,3850,1427.65,728.55
2013-07-31 23:08:01,1309.01,19.514,258.09,3850,1427.65,728.55
2013-07-31 23:08:06,1309.01,19.514,258.09,3850,1427.65,728.55
2013-07-31 23:08:12,1309.01,19.514,258.09,3850,1427.65,728.55
2013-07-31 23:08:20,1309.01,19.514,258.09,3850,1427.65,728.55
2013-07-31 23:08:28,1309.01,19.514,258.09,3850,1427.65,728.55
2013-07-31 23:08:34,1309.01,19.514,258.09,3850,1427.65,728.55
2013-07-31 23:08:39,1309.01,19.514,258.09,3850,1427.65,728.55
2013-07-31 23:08:44,1309.01,19.514,258.09,3850,1427.65,728.55
2013-07-31 23:08:49,1309.01,19.514,258.09,3850,1427.65,728.55
2013-07-31 23:08:54,1309.01,19.514,258.09,3850,1427.65,728.55
2013-07-31 23:09:00,1309.01,19.514,258.09,3850,1427.65,728.55
2013-07-31 23:09:05,1309.01,19.514,258.09,3850,1427.65,728.55
2013-07-31 23:09:10,1309.12,19.499,258.11,3846,1427.65,728.55
2013-07-31 23:09:15,1309.47,19.509,258.18,3846,1427.65,728.55
2013-07-31 23:09:20,1309.47,19.499,258.18,3846,1427.65,728.55
2013-07-31 23:09:25,1309.62,19.514,258.21,3850,1427.65,728.55
2013-07-31 23:09:31,1309.53,19.514,258.19,3850,1427.65,728.55
2013-07-31 23:09:36,1309.45,19.514,258.17,3850,1427.65,728.55
2013-07-31 23:09:42,1309.46,19.514,258.17,3850,1427.65,728.55
2013-07-31 23:09:47,1309.40,19.514,258.16,3850,1427.65,728.55
2013-07-31 23:09:52,1309.21,19.494,258.13,3846,1427.65,728.55
2013-07-31 23:09:57,1309.36,19.494,258.16,3846,1427.65,728.55
2013-07-31 23:10:05,1309.42,19.494,258.17,3846,1427.65,728.55
2013-07-31 23:10:10,1309.37,19.494,258.16,3846,1427.65,728.55
2013-07-31 23:10:15,1309.14,19.494,258.11,3846,1427.65,728.55
2013-07-31 23:10:21,1309.22,19.514,258.13,3850,1427.65,728.55
2013-07-31 23:10:27,1309.43,19.514,258.17,3850,1427.65,728.55
2013-07-31 23:10:32,1309.38,19.494,258.16,3846,1427.65,728.55
2013-07-31 23:10:37,1309.33,19.494,258.15,3846,1427.65,728.55
2013-07-31 23:10:42,1309.38,19.494,258.16,3846,1427.65,728.55
2013-07-31 23:10:47,1309.33,19.494,258.15,3846,1427.65,728.55
2013-07-31 23:10:52,1309.38,19.494,258.16,3846,1427.65,728.55
2013-07-31 23:10:57,1309.33,19.494,258.15,3846,1427.65,728.55
2013-07-31 23:11:03,1309.38,19.494,258.16,3846,1427.65,728.55
2013-07-31 23:11:09,1309.37,19.494,258.16,3846,1427.65,728.55
2013-07-31 23:11:14,1309.34,19.494,258.15,3846,1427.65,728.55
2013-07-31 23:11:20,1309.46,19.509,258.17,3846,1427.65,728.55
2013-07-31 23:11:25,1309.49,19.499,258.18,3846,1427.65,728.55
2013-07-31 23:11:31,1309.67,19.509,258.22,3846,1427.65,728.55
2013-07-31 23:11:36,1309.61,19.499,258.20,3846,1427.65,728.55
2013-07-31 23:11:41,1309.56,19.499,258.19,3846,1427.65,728.55
2013-07-31 23:11:46,1309.40,19.499,258.16,3846,1427.65,728.55
2013-07-31 23:11:51,1309.41,19.499,258.16,3846,1427.65,728.55
2013-07-31 23:11:57,1309.43,19.499,258.17,3846,1427.65,728.55
2013-07-31 23:12:02,1309.38,19.509,258.16,3846,1427.65,728.55
2013-07-31 23:12:07,1309.41,19.499,258.16,3846,1427.65,728.55
2013-07-31 23:12:13,1309.43,19.499,258.17,3846,1427.65,728.55
2013-07-31 23:12:18,1309.38,19.509,258.16,3846,1427.65,728.55
2013-07-31 23:12:23,1309.41,19.499,258.16,3846,1427.65,728.55
2013-07-31 23:12:28,1309.43,19.499,258.17,3846,1427.65,728.55
2013-07-31 23:12:33,1309.38,19.509,258.16,3846,1427.65,728.55
2013-07-31 23:12:38,1309.41,19.499,258.16,3846,1427.65,728.55
2013-07-31 23:12:43,1309.43,19.499,258.17,3846,1427.65,728.55
2013-07-31 23:12:48,1309.38,19.509,258.16,3846,1427.65,728.55
2013-07-31 23:12:53,1309.41,19.499,258.16,3846,1427.65,728.55
2013-07-31 23:12:58,1309.43,19.499,258.17,3846,1427.65,728.55
2013-07-31 23:13:03,1309.38,19.509,258.16,3846,1427.65,728.55
2013-07-31 23:13:08,1309.48,19.494,258.18,3846,1427.65,728.55
2013-07-31 23:13:13,1309.51,19.494,258.18,3846,1427.65,728.55
2013-07-31 23:13:19,1309.47,19.494,258.18,3846,1427.65,728.55
2013-07-31 23:13:24,1309.49,19.494,258.18,3846,1427.65,728.55
2013-07-31 23:13:29,1309.49,19.494,258.18,3846,1427.65,728.55
2013-07-31 23:13:34,1309.49,19.494,258.18,3846,1427.65,728.55
2013-07-31 23:13:39,1309.49,19.494,258.18,3846,1427.65,728.55
2013-07-31 23:13:44,1309.49,19.494,258.18,3846,1427.65,728.55
2013-07-31 23:13:49,1309.49,19.494,258.18,3846,1427.65,728.55
2013-07-31 23:13:54,1309.49,19.494,258.18,3846,1427.65,728.55
2013-07-31 23:13:59,1309.49,19.494,258.18,3846,1427.65,728.55
2013-07-31 23:14:04,1309.49,19.494,258.18,3846,1427.65,728.55
2013-07-31 23:14:09,1309.49,19.494,258.18,3846,1427.65,728.55
2013-07-31 23:14:15,1309.49,19.494,258.18,3846,1427.65,728.55
2013-07-31 23:14:20,1309.49,19.494,258.18,3846,1427.65,728.55
2013-07-31 23:14:25,1309.49,19.494,258.18,3846,1427.65,728.55
2013-07-31 23:14:30,1309.49,19.494,258.18,3846,1427.65,728.55
2013-07-31 23:14:35,1309.49,19.494,258.18,3846,1427.65,728.55
2013-07-31 23:14:40,1309.49,19.494,258.18,3846,1427.65,728.55
2013-07-31 23:14:45,1309.49,19.494,258.18,3846,1427.65,728.55
2013-07-31 23:14:50,1309.49,19.494,258.18,3846,1427.65,728.55
2013-07-31 23:14:55,1309.49,19.494,258.18,3846,1427.65,728.55
2013-07-31 23:15:00,1309.49,19.494,258.18,3846,1427.65,728.55
2013-07-31 23:15:06,1309.49,19.494,258.18,3846,1427.65,728.55
2013-07-31 23:15:11,1309.64,19.514,258.21,3850,1427.65,728.55
2013-07-31 23:15:19,1309.43,19.494,258.17,3846,1427.65,728.55
2013-07-31 23:15:24,1309.39,19.494,258.16,3846,1427.65,728.55
2013-07-31 23:15:31,1309.56,19.494,258.19,3846,1427.65,728.55
2013-07-31 23:15:36,1309.56,19.494,258.19,3846,1427.65,728.55
2013-07-31 23:15:41,1309.56,19.494,258.19,3846,1427.65,728.55
2013-07-31 23:15:46,1309.56,19.494,258.19,3846,1427.65,728.55
2013-07-31 23:15:51,1309.56,19.494,258.19,3846,1427.65,728.55
2013-07-31 23:15:56,1309.56,19.494,258.19,3846,1427.65,728.55
2013-07-31 23:16:01,1309.56,19.494,258.19,3846,1427.65,728.55
2013-07-31 23:16:06,1309.56,19.494,258.19,3846,1427.65,728.55
2013-07-31 23:16:11,1309.56,19.494,258.19,3846,1427.65,728.55
2013-07-31 23:16:16,1309.56,19.494,258.19,3846,1427.65,728.55
2013-07-31 23:16:21,1309.56,19.494,258.19,3846,1427.65,728.55
2013-07-31 23:16:26,1309.56,19.494,258.19,3846,1427.65,728.55
2013-07-31 23:16:31,1309.56,19.494,258.19,3846,1427.65,728.55
2013-07-31 23:16:36,1309.56,19.494,258.19,3846,1427.65,728.55
2013-07-31 23:16:42,1309.56,19.494,258.19,3846,1427.65,728.55
2013-07-31 23:16:47,1309.56,19.494,258.19,3846,1427.65,728.55
2013-07-31 23:16:52,1309.56,19.494,258.19,3846,1427.65,728.55
2013-07-31 23:16:57,1309.56,19.494,258.19,3846,1427.65,728.55
2013-07-31 23:17:02,1309.56,19.494,258.19,3846,1427.65,728.55
2013-07-31 23:17:07,1309.56,19.494,258.19,3846,1427.65,728.55
2013-07-31 23:17:13,1309.41,19.484,258.16,3844,1427.65,728.55
2013-07-31 23:17:23,1309.41,19.484,258.16,3844,1427.65,728.55
2013-07-31 23:17:29,1309.41,19.484,258.16,3844,1427.65,728.55
2013-07-31 23:17:34,1309.41,19.484,258.16,3844,1427.65,728.55
2013-07-31 23:17:39,1309.41,19.484,258.16,3844,1427.65,728.55
2013-07-31 23:17:44,1309.41,19.484,258.16,3844,1427.65,728.55
2013-07-31 23:17:49,1309.41,19.484,258.16,3844,1427.65,728.55
2013-07-31 23:17:54,1309.41,19.484,258.16,3844,1427.65,728.55
2013-07-31 23:17:59,1309.41,19.484,258.16,3844,1427.65,728.55
2013-07-31 23:18:04,1309.41,19.484,258.16,3844,1427.65,728.55
2013-07-31 23:18:09,1309.41,19.484,258.16,3844,1427.65,728.55
2013-07-31 23:18:14,1309.41,19.484,258.16,3844,1427.65,728.55
2013-07-31 23:18:20,1309.41,19.484,258.16,3844,1427.65,728.55
2013-07-31 23:18:25,1309.41,19.484,258.16,3844,1427.65,728.55
2013-07-31 23:18:30,1309.41,19.484,258.16,3844,1427.65,728.55
2013-07-31 23:18:35,1309.41,19.484,258.16,3844,1427.65,728.55
2013-07-31 23:18:40,1309.41,19.484,258.16,3844,1427.65,728.55
2013-07-31 23:18:45,1309.41,19.484,258.16,3844,1427.65,728.55
2013-07-31 23:18:50,1309.41,19.484,258.16,3844,1427.65,728.55
2013-07-31 23:18:55,1309.41,19.484,258.16,3844,1427.65,728.55
2013-07-31 23:19:00,1309.41,19.484,258.16,3844,1427.65,728.55
2013-07-31 23:19:06,1309.41,19.484,258.16,3844,1427.65,728.55
2013-07-31 23:19:11,1309.41,19.484,258.16,3844,1427.65,728.55
2013-07-31 23:19:16,1309.41,19.484,258.16,3844,1427.65,728.55
2013-07-31 23:19:21,1309.41,19.484,258.16,3844,1427.65,728.55
2013-07-31 23:19:26,1309.41,19.484,258.16,3844,1427.65,728.55
2013-07-31 23:19:31,1309.41,19.484,258.16,3844,1427.65,728.55
2013-07-31 23:19:37,1309.41,19.484,258.16,3844,1427.65,728.55
2013-07-31 23:19:42,1309.41,19.484,258.16,3844,1427.65,728.55
2013-07-31 23:19:47,1309.41,19.484,258.16,3844,1427.65,728.55
2013-07-31 23:19:52,1309.41,19.484,258.16,3844,1427.65,728.55
2013-07-31 23:19:57,1309.41,19.484,258.16,3844,1427.65,728.55
2013-07-31 23:20:02,1309.41,19.484,258.16,3844,1427.65,728.55
2013-07-31 23:20:07,1309.41,19.484,258.16,3844,1427.65,728.55
2013-07-31 23:20:12,1309.41,19.484,258.16,3844,1427.65,728.55
2013-07-31 23:20:17,1309.41,19.484,258.16,3844,1427.65,728.55
2013-07-31 23:20:22,1309.41,19.484,258.16,3844,1427.65,728.55
2013-07-31 23:20:27,1309.41,19.484,258.16,3844,1427.65,728.55
2013-07-31 23:20:33,1309.41,19.484,258.16,3844,1427.65,728.55
2013-07-31 23:20:38,1309.41,19.484,258.16,3844,1427.65,728.55
2013-07-31 23:20:43,1309.41,19.484,258.16,3844,1427.65,728.55
2013-07-31 23:20:48,1309.41,19.484,258.16,3844,1427.65,728.55
2013-07-31 23:20:53,1309.41,19.484,258.16,3844,1427.65,728.55
2013-07-31 23:20:58,1309.41,19.484,258.16,3844,1427.65,728.55
2013-07-31 23:21:03,1309.41,19.484,258.16,3844,1427.65,728.55
2013-07-31 23:21:08,1309.41,19.484,258.16,3844,1427.65,728.55
2013-07-31 23:21:27,1307.83,19.454,257.85,3838,1427.65,728.55
2013-07-31 23:21:34,1308.03,19.464,257.89,3840,1427.65,728.55
2013-07-31 23:21:40,1308.14,19.474,257.91,3842,1427.65,728.55
2013-07-31 23:21:45,1308.34,19.474,257.95,3842,1427.65,728.55
2013-07-31 23:21:50,1308.45,19.474,257.98,3842,1427.65,728.55
2013-07-31 23:21:55,1308.21,19.474,257.93,3842,1427.65,728.55
2013-07-31 23:22:03,1308.05,19.464,257.90,3840,1427.65,728.55
2013-07-31 23:22:08,1308.04,19.464,257.89,3840,1427.65,728.55
2013-07-31 23:22:13,1308.05,19.464,257.90,3840,1427.65,728.55
2013-07-31 23:22:19,1308.04,19.464,257.89,3840,1427.65,728.55
2013-07-31 23:22:24,1308.05,19.464,257.90,3840,1427.65,728.55
2013-07-31 23:22:30,1308.04,19.464,257.89,3840,1427.65,728.55
2013-07-31 23:22:35,1308.05,19.464,257.90,3840,1427.65,728.55
2013-07-31 23:22:40,1308.04,19.464,257.89,3840,1427.65,728.55
2013-07-31 23:22:45,1308.05,19.464,257.90,3840,1427.65,728.55
2013-07-31 23:22:50,1308.04,19.464,257.89,3840,1427.65,728.55
2013-07-31 23:22:55,1308.05,19.464,257.90,3840,1427.65,728.55
2013-07-31 23:23:00,1308.04,19.464,257.89,3840,1427.65,728.55
2013-07-31 23:23:05,1308.05,19.464,257.90,3840,1427.65,728.55
2013-07-31 23:23:10,1308.04,19.464,257.89,3840,1427.65,728.55
2013-07-31 23:23:16,1308.24,19.474,257.93,3842,1427.65,728.55
2013-07-31 23:23:21,1308.16,19.464,257.92,3840,1427.65,728.55
2013-07-31 23:23:26,1308.12,19.464,257.91,3840,1427.65,728.55
2013-07-31 23:23:31,1308.12,19.474,257.91,3842,1427.65,728.55
2013-07-31 23:23:37,1308.23,19.474,257.93,3842,1427.65,728.55
2013-07-31 23:23:42,1308.17,19.474,257.92,3842,1427.65,728.55
2013-07-31 23:23:47,1307.83,19.464,257.85,3840,1427.65,728.55
2013-07-31 23:23:52,1307.84,19.464,257.86,3840,1427.65,728.55
2013-07-31 23:23:57,1307.82,19.464,257.85,3840,1427.65,728.55
2013-07-31 23:24:03,1307.75,19.464,257.84,3840,1427.65,728.55
2013-07-31 23:24:09,1307.74,19.464,257.84,3840,1427.65,728.55
2013-07-31 23:24:14,1307.74,19.464,257.84,3840,1427.65,728.55
2013-07-31 23:24:19,1307.74,19.464,257.84,3840,1427.65,728.55
2013-07-31 23:24:24,1307.74,19.464,257.84,3840,1427.65,728.55
2013-07-31 23:24:29,1307.74,19.464,257.84,3840,1427.65,728.55
2013-07-31 23:24:34,1307.74,19.464,257.84,3840,1427.65,728.55
2013-07-31 23:24:40,1307.74,19.464,257.84,3840,1427.65,728.55
2013-07-31 23:24:45,1307.74,19.464,257.84,3840,1427.65,728.55
2013-07-31 23:24:50,1307.74,19.464,257.84,3840,1427.65,728.55
2013-07-31 23:24:55,1307.74,19.464,257.84,3840,1427.65,728.55
2013-07-31 23:25:00,1307.74,19.464,257.84,3840,1427.65,728.55
2013-07-31 23:25:05,1307.74,19.464,257.84,3840,1427.65,728.55
2013-07-31 23:25:10,1307.74,19.464,257.84,3840,1427.65,728.55
2013-07-31 23:25:15,1307.74,19.464,257.84,3840,1427.65,728.55
2013-07-31 23:25:20,1307.74,19.464,257.84,3840,1427.65,728.55
2013-07-31 23:25:25,1307.74,19.464,257.84,3840,1427.65,728.55
2013-07-31 23:25:30,1307.74,19.464,257.84,3840,1427.65,728.55
2013-07-31 23:25:35,1307.74,19.464,257.84,3840,1427.65,728.55
2013-07-31 23:25:40,1307.74,19.464,257.84,3840,1427.65,728.55
2013-07-31 23:25:45,1307.74,19.464,257.84,3840,1427.65,728.55
2013-07-31 23:25:50,1307.74,19.464,257.84,3840,1427.65,728.55
2013-07-31 23:25:55,1307.74,19.464,257.84,3840,1427.65,728.55
2013-07-31 23:26:01,1307.74,19.464,257.84,3840,1427.65,728.55
2013-07-31 23:26:06,1307.74,19.464,257.84,3840,1427.65,728.55
2013-07-31 23:26:11,1307.74,19.464,257.84,3840,1427.65,728.55
2013-07-31 23:26:16,1307.74,19.464,257.84,3840,1427.65,728.55
2013-07-31 23:26:21,1307.74,19.464,257.84,3840,1427.65,728.55
2013-07-31 23:26:26,1307.74,19.464,257.84,3840,1427.65,728.55
2013-07-31 23:26:31,1307.74,19.464,257.84,3840,1427.65,728.55
2013-07-31 23:26:36,1307.74,19.464,257.84,3840,1427.65,728.55
2013-07-31 23:26:41,1307.74,19.464,257.84,3840,1427.65,728.55
2013-07-31 23:26:46,1307.74,19.464,257.84,3840,1427.65,728.55
2013-07-31 23:26:51,1307.74,19.464,257.84,3840,1427.65,728.55
2013-07-31 23:26:56,1307.74,19.464,257.84,3840,1427.65,728.55
2013-07-31 23:27:01,1307.74,19.464,257.84,3840,1427.65,728.55
2013-07-31 23:27:06,1307.74,19.464,257.84,3840,1427.65,728.55
2013-07-31 23:27:11,1307.74,19.464,257.84,3840,1427.65,728.55
2013-07-31 23:27:16,1308.32,19.464,257.95,3840,1427.65,728.55
2013-07-31 23:27:22,1308.37,19.464,257.96,3840,1427.65,728.55
2013-07-31 23:27:28,1308.41,19.459,257.97,3838,1427.65,728.55
2013-07-31 23:27:33,1308.41,19.459,257.97,3838,1427.65,728.55
2013-07-31 23:27:39,1308.41,19.459,257.97,3838,1427.65,728.55
2013-07-31 23:27:44,1308.41,19.459,257.97,3838,1427.65,728.55
2013-07-31 23:27:49,1308.41,19.459,257.97,3838,1427.65,728.55
2013-07-31 23:27:54,1308.41,19.459,257.97,3838,1427.65,728.55
2013-07-31 23:27:59,1308.41,19.459,257.97,3838,1427.65,728.55
2013-07-31 23:28:04,1308.41,19.459,257.97,3838,1427.65,728.55
2013-07-31 23:28:09,1308.41,19.459,257.97,3838,1427.65,728.55
2013-07-31 23:28:14,1308.41,19.459,257.97,3838,1427.65,728.55
2013-07-31 23:28:19,1308.41,19.459,257.97,3838,1427.65,728.55
2013-07-31 23:28:24,1308.41,19.459,257.97,3838,1427.65,728.55
2013-07-31 23:28:29,1308.41,19.459,257.97,3838,1427.65,728.55
2013-07-31 23:28:34,1308.41,19.459,257.97,3838,1427.65,728.55
2013-07-31 23:28:39,1308.41,19.459,257.97,3838,1427.65,728.55
2013-07-31 23:28:44,1308.41,19.459,257.97,3838,1427.65,728.55
2013-07-31 23:28:50,1308.41,19.459,257.97,3838,1427.65,728.55
2013-07-31 23:28:55,1308.41,19.459,257.97,3838,1427.65,728.55
2013-07-31 23:29:00,1308.41,19.459,257.97,3838,1427.65,728.55
2013-07-31 23:29:05,1308.41,19.459,257.97,3838,1427.65,728.55
2013-07-31 23:29:11,1308.41,19.459,257.97,3838,1427.65,728.55
2013-07-31 23:29:16,1308.23,19.454,257.93,3838,1427.65,728.55
2013-07-31 23:29:21,1308.16,19.454,257.92,3838,1427.65,728.55
2013-07-31 23:29:26,1308.11,19.444,257.91,3836,1427.65,728.55
2013-07-31 23:29:32,1308.05,19.444,257.90,3836,1427.65,728.55
2013-07-31 23:29:38,1308.15,19.444,257.92,3836,1427.65,728.55
2013-07-31 23:29:43,1308.13,19.444,257.91,3836,1427.65,728.55
2013-07-31 23:29:48,1308.23,19.454,257.93,3838,1427.65,728.55
2013-07-31 23:29:53,1308.16,19.454,257.92,3838,1427.65,728.55
2013-07-31 23:29:58,1308.11,19.444,257.91,3836,1427.65,728.55
2013-07-31 23:30:04,1308.05,19.444,257.90,3836,1427.65,728.55
2013-07-31 23:30:09,1308.15,19.444,257.92,3836,1427.65,728.55
2013-07-31 23:30:14,1308.13,19.444,257.91,3836,1427.65,728.55
2013-07-31 23:30:19,1308.23,19.454,257.93,3838,1427.65,728.55
2013-07-31 23:30:24,1308.16,19.454,257.92,3838,1427.65,728.55
2013-07-31 23:30:29,1308.11,19.444,257.91,3836,1427.65,728.55
2013-07-31 23:30:34,1308.05,19.444,257.90,3836,1427.65,728.55
2013-07-31 23:30:39,1308.15,19.444,257.92,3836,1427.65,728.55
2013-07-31 23:30:44,1308.13,19.444,257.91,3836,1427.65,728.55
2013-07-31 23:30:49,1308.23,19.454,257.93,3838,1427.65,728.55
2013-07-31 23:30:55,1308.16,19.454,257.92,3838,1427.65,728.55
2013-07-31 23:31:00,1308.11,19.444,257.91,3836,1427.65,728.55
2013-07-31 23:31:05,1308.05,19.444,257.90,3836,1427.65,728.55
2013-07-31 23:31:10,1308.15,19.444,257.92,3836,1427.65,728.55
2013-07-31 23:31:15,1308.13,19.444,257.91,3836,1427.65,728.55
2013-07-31 23:31:20,1307.65,19.444,257.82,3836,1427.65,728.55
2013-07-31 23:31:25,1307.65,19.444,257.82,3836,1427.65,728.55
2013-07-31 23:31:30,1307.65,19.444,257.82,3836,1427.65,728.55
2013-07-31 23:31:35,1307.65,19.444,257.82,3836,1427.65,728.55
2013-07-31 23:31:40,1307.65,19.444,257.82,3836,1427.65,728.55
2013-07-31 23:31:46,1307.65,19.444,257.82,3836,1427.65,728.55
2013-07-31 23:31:51,1307.65,19.444,257.82,3836,1427.65,728.55
2013-07-31 23:31:56,1307.65,19.444,257.82,3836,1427.65,728.55
2013-07-31 23:32:01,1307.65,19.444,257.82,3836,1427.65,728.55
2013-07-31 23:32:06,1307.65,19.444,257.82,3836,1427.65,728.55
2013-07-31 23:32:11,1307.65,19.444,257.82,3836,1427.65,728.55
2013-07-31 23:32:16,1307.65,19.444,257.82,3836,1427.65,728.55
2013-07-31 23:32:21,1307.65,19.444,257.82,3836,1427.65,728.55
2013-07-31 23:32:26,1307.65,19.444,257.82,3836,1427.65,728.55
2013-07-31 23:32:31,1307.65,19.444,257.82,3836,1427.65,728.55
2013-07-31 23:32:37,1306.94,19.404,257.68,3829,1427.65,728.55
2013-07-31 23:32:42,1307.16,19.404,257.72,3829,1427.65,728.55
2013-07-31 23:32:47,1307.30,19.414,257.75,3831,1427.65,728.55
2013-07-31 23:32:52,1307.44,19.414,257.78,3831,1427.65,728.55
2013-07-31 23:32:57,1307.40,19.414,257.77,3831,1427.65,728.55
2013-07-31 23:33:03,1307.30,19.414,257.75,3831,1427.65,728.55
2013-07-31 23:33:08,1307.44,19.414,257.78,3831,1427.65,728.55
2013-07-31 23:33:13,1307.40,19.414,257.77,3831,1427.65,728.55
2013-07-31 23:33:40,1307.78,19.424,257.84,3833,1427.65,728.55
2013-07-31 23:33:45,1308.02,19.439,257.89,3836,1427.65,728.55
2013-07-31 23:33:51,1308.22,19.439,257.93,3836,1427.65,728.55
2013-07-31 23:34:06,1307.98,19.424,257.88,3833,1425.30,724.78
2013-07-31 23:34:11,1307.83,19.424,257.85,3833,1425.30,724.78
2013-07-31 23:34:16,1307.73,19.424,257.83,3833,1425.30,724.78
2013-07-31 23:34:21,1307.73,19.424,257.83,3833,1425.30,724.78
2013-07-31 23:34:28,1307.73,19.424,257.83,3833,1425.30,724.78
2013-07-31 23:34:33,1307.73,19.424,257.83,3833,1425.30,724.78
2013-07-31 23:34:38,1307.73,19.424,257.83,3833,1425.30,724.78
2013-07-31 23:34:44,1307.73,19.424,257.83,3833,1425.30,724.78
2013-07-31 23:34:49,1307.73,19.424,257.83,3833,1425.30,724.78
2013-07-31 23:34:55,1307.73,19.424,257.83,3833,1425.30,724.78
2013-07-31 23:35:00,1307.73,19.424,257.83,3833,1425.30,724.78
2013-07-31 23:35:05,1307.73,19.424,257.83,3833,1425.30,724.78
2013-07-31 23:35:10,1307.73,19.424,257.83,3833,1425.30,724.78
2013-07-31 23:35:15,1307.73,19.424,257.83,3833,1425.30,724.78
2013-07-31 23:35:21,1307.84,19.429,257.86,3833,1425.10,727.23
2013-07-31 23:35:26,1307.73,19.429,257.83,3833,1425.10,727.23
2013-07-31 23:35:31,1307.88,19.429,257.86,3833,1425.10,727.23
2013-07-31 23:35:36,1307.88,19.429,257.86,3833,1425.10,727.23
2013-07-31 23:35:41,1307.88,19.429,257.86,3833,1425.10,727.23
2013-07-31 23:35:46,1307.88,19.429,257.86,3833,1425.10,727.23
2013-07-31 23:35:51,1307.88,19.429,257.86,3833,1425.10,727.23
2013-07-31 23:36:00,1307.88,19.429,257.86,3833,1425.10,727.23
2013-07-31 23:36:06,1307.88,19.429,257.86,3833,1425.10,727.23
2013-07-31 23:36:12,1307.88,19.429,257.86,3833,1425.10,727.23
2013-07-31 23:36:18,1307.88,19.429,257.86,3833,1425.10,727.23
2013-07-31 23:36:23,1307.88,19.429,257.86,3833,1425.10,727.23
2013-07-31 23:36:28,1307.88,19.429,257.86,3833,1425.10,727.23
2013-07-31 23:36:33,1307.88,19.429,257.86,3833,1425.10,727.23
2013-07-31 23:36:39,1307.88,19.429,257.86,3833,1425.10,727.23
2013-07-31 23:36:44,1307.88,19.429,257.86,3833,1425.10,727.23
2013-07-31 23:36:49,1307.88,19.429,257.86,3833,1425.10,727.23
2013-07-31 23:36:54,1307.88,19.429,257.86,3833,1425.10,727.23
2013-07-31 23:36:59,1307.88,19.429,257.86,3833,1425.10,727.23
2013-07-31 23:37:04,1307.88,19.429,257.86,3833,1425.10,727.23
2013-07-31 23:37:09,1307.88,19.429,257.86,3833,1425.10,727.23
2013-07-31 23:37:14,1307.88,19.429,257.86,3833,1425.10,727.23
2013-07-31 23:37:20,1308.12,19.439,257.91,3836,1424.60,726.85
2013-07-31 23:37:25,1307.74,19.429,257.84,3836,1424.60,726.85
2013-07-31 23:37:30,1307.74,19.429,257.84,3836,1424.60,726.85
2013-07-31 23:37:35,1307.74,19.429,257.84,3836,1424.60,726.85
2013-07-31 23:37:40,1307.74,19.429,257.84,3836,1424.60,726.85
2013-07-31 23:37:45,1307.74,19.429,257.84,3836,1424.60,726.85
2013-07-31 23:37:50,1307.74,19.429,257.84,3836,1424.60,726.85
2013-07-31 23:37:55,1307.74,19.429,257.84,3836,1424.60,726.85
2013-07-31 23:38:00,1307.74,19.429,257.84,3836,1424.60,726.85
2013-07-31 23:38:05,1307.74,19.429,257.84,3836,1424.60,726.85
2013-07-31 23:38:10,1307.74,19.429,257.84,3836,1424.60,726.85
2013-07-31 23:38:16,1307.74,19.429,257.84,3836,1424.60,726.85
2013-07-31 23:38:21,1307.74,19.429,257.84,3836,1424.60,726.85
2013-07-31 23:38:26,1307.74,19.429,257.84,3836,1424.60,726.85
2013-07-31 23:38:31,1307.74,19.429,257.84,3836,1424.60,726.85
2013-07-31 23:38:36,1307.74,19.429,257.84,3836,1424.60,726.85
2013-07-31 23:38:42,1307.74,19.429,257.84,3836,1424.60,726.85
2013-07-31 23:38:47,1307.74,19.429,257.84,3836,1424.60,726.85
2013-07-31 23:38:52,1307.74,19.429,257.84,3836,1424.60,726.85
2013-07-31 23:38:57,1307.74,19.429,257.84,3836,1424.60,726.85
2013-07-31 23:39:02,1307.74,19.429,257.84,3836,1424.60,726.85
2013-07-31 23:39:07,1307.74,19.429,257.84,3836,1424.60,726.85
2013-07-31 23:39:15,1307.74,19.429,257.84,3836,1424.60,726.85
2013-07-31 23:39:20,1307.74,19.424,257.84,3833,1424.40,726.33
2013-07-31 23:39:25,1307.63,19.424,257.81,3833,1424.40,726.33
2013-07-31 23:39:30,1307.74,19.424,257.84,3833,1424.40,726.33
2013-07-31 23:39:35,1307.63,19.424,257.81,3833,1424.40,726.33
2013-07-31 23:39:41,1307.74,19.424,257.84,3833,1424.40,726.33
2013-07-31 23:39:46,1307.63,19.424,257.81,3833,1424.40,726.33
2013-07-31 23:39:51,1307.74,19.424,257.84,3833,1424.40,726.33
2013-07-31 23:39:56,1307.63,19.424,257.81,3833,1424.40,726.33
2013-07-31 23:40:01,1307.74,19.424,257.84,3833,1424.40,726.33
2013-07-31 23:40:06,1307.63,19.424,257.81,3833,1424.40,726.33
2013-07-31 23:40:11,1307.74,19.424,257.84,3833,1424.40,726.33
2013-07-31 23:40:16,1307.63,19.424,257.81,3833,1424.40,726.33
2013-07-31 23:40:21,1307.74,19.424,257.84,3833,1424.40,726.33
2013-07-31 23:40:26,1307.63,19.424,257.81,3833,1424.40,726.33
2013-07-31 23:40:31,1307.74,19.424,257.84,3833,1424.40,726.33
2013-07-31 23:40:36,1307.63,19.424,257.81,3833,1424.40,726.33
2013-07-31 23:40:41,1307.74,19.424,257.84,3833,1424.40,726.33
2013-07-31 23:40:46,1307.63,19.424,257.81,3833,1424.40,726.33
2013-07-31 23:40:51,1307.74,19.424,257.84,3833,1424.40,726.33
2013-07-31 23:40:56,1307.63,19.424,257.81,3833,1424.40,726.33
2013-07-31 23:41:01,1307.74,19.424,257.84,3833,1424.40,726.33
2013-07-31 23:41:06,1307.63,19.424,257.81,3833,1424.40,726.33
2013-07-31 23:41:12,1307.74,19.424,257.84,3833,1424.40,726.33
2013-07-31 23:41:17,1307.63,19.424,257.81,3833,1424.40,726.33
2013-07-31 23:41:22,1307.65,19.409,257.82,3833,1424.25,725.63
2013-07-31 23:41:30,1307.78,19.419,257.84,3833,1424.25,725.63
2013-07-31 23:41:35,1307.80,19.409,257.85,3833,1424.25,725.63
2013-07-31 23:41:41,1307.80,19.409,257.85,3833,1424.25,725.63
2013-07-31 23:41:46,1307.80,19.409,257.85,3833,1424.25,725.63
2013-07-31 23:41:51,1307.80,19.409,257.85,3833,1424.25,725.63
2013-07-31 23:41:56,1307.80,19.409,257.85,3833,1424.25,725.63
2013-07-31 23:42:01,1307.80,19.409,257.85,3833,1424.25,725.63
2013-07-31 23:42:06,1307.80,19.409,257.85,3833,1424.25,725.63
2013-07-31 23:42:12,1307.80,19.409,257.85,3833,1424.25,725.63
2013-07-31 23:42:17,1307.80,19.409,257.85,3833,1424.25,725.63
2013-07-31 23:42:22,1307.80,19.409,257.85,3833,1424.25,725.63
2013-07-31 23:42:27,1307.80,19.409,257.85,3833,1424.25,725.63
2013-07-31 23:42:32,1307.80,19.409,257.85,3833,1424.25,725.63
2013-07-31 23:42:37,1307.80,19.409,257.85,3833,1424.25,725.63
2013-07-31 23:42:42,1307.80,19.409,257.85,3833,1424.25,725.63
2013-07-31 23:42:47,1307.80,19.409,257.85,3833,1424.25,725.63
2013-07-31 23:42:52,1307.80,19.409,257.85,3833,1424.25,725.63
2013-07-31 23:42:57,1307.80,19.409,257.85,3833,1424.25,725.63
2013-07-31 23:43:02,1307.80,19.409,257.85,3833,1424.25,725.63
2013-07-31 23:43:08,1307.80,19.409,257.85,3833,1424.25,725.63
2013-07-31 23:43:13,1307.80,19.409,257.85,3833,1424.25,725.63
2013-07-31 23:43:18,1307.80,19.409,257.85,3833,1424.25,725.63
2013-07-31 23:43:23,1307.80,19.409,257.85,3833,1424.25,725.63
2013-07-31 23:43:28,1307.80,19.409,257.85,3833,1424.25,725.63
2013-07-31 23:43:33,1307.80,19.409,257.85,3833,1424.25,725.63
2013-07-31 23:43:38,1307.80,19.409,257.85,3833,1424.25,725.63
2013-07-31 23:43:43,1307.80,19.409,257.85,3833,1424.25,725.63
2013-07-31 23:43:48,1307.80,19.409,257.85,3833,1424.25,725.63
2013-07-31 23:43:53,1307.80,19.409,257.85,3833,1424.25,725.63
2013-07-31 23:43:58,1307.80,19.409,257.85,3833,1424.25,725.63
2013-07-31 23:44:03,1307.80,19.409,257.85,3833,1424.25,725.63
2013-07-31 23:44:08,1307.80,19.409,257.85,3833,1424.25,725.63
2013-07-31 23:44:14,1307.80,19.409,257.85,3833,1424.25,725.63
2013-07-31 23:44:19,1307.80,19.409,257.85,3833,1424.25,725.63
2013-07-31 23:44:24,1307.80,19.409,257.85,3833,1424.25,725.63
2013-07-31 23:44:29,1307.80,19.409,257.85,3833,1424.25,725.63
2013-07-31 23:44:34,1307.80,19.409,257.85,3833,1424.25,725.63
2013-07-31 23:44:39,1307.80,19.409,257.85,3833,1424.25,725.63
2013-07-31 23:44:44,1307.80,19.409,257.85,3833,1424.25,725.63
2013-07-31 23:44:49,1307.80,19.409,257.85,3833,1424.25,725.63
2013-07-31 23:44:54,1307.80,19.409,257.85,3833,1424.25,725.63
2013-07-31 23:44:59,1307.80,19.409,257.85,3833,1424.25,725.63
2013-07-31 23:45:04,1307.80,19.409,257.85,3833,1424.25,725.63
2013-07-31 23:45:09,1307.80,19.409,257.85,3833,1424.25,725.63
2013-07-31 23:45:14,1307.80,19.409,257.85,3833,1424.25,725.63
2013-07-31 23:45:20,1307.64,19.394,257.82,3827,1418.35,723.58
2013-07-31 23:45:25,1307.64,19.394,257.82,3827,1418.35,723.58
2013-07-31 23:45:30,1307.64,19.394,257.82,3827,1418.35,723.58
2013-07-31 23:45:35,1307.64,19.394,257.82,3827,1418.35,723.58
2013-07-31 23:45:40,1307.64,19.394,257.82,3827,1418.35,723.58
2013-07-31 23:45:45,1307.64,19.394,257.82,3827,1418.35,723.58
2013-07-31 23:45:50,1307.64,19.394,257.82,3827,1418.35,723.58
2013-07-31 23:45:55,1307.64,19.394,257.82,3827,1418.35,723.58
2013-07-31 23:46:00,1307.64,19.394,257.82,3827,1418.35,723.58
2013-07-31 23:46:05,1307.64,19.394,257.82,3827,1418.35,723.58
2013-07-31 23:46:10,1307.64,19.394,257.82,3827,1418.35,723.58
2013-07-31 23:46:16,1307.64,19.394,257.82,3827,1418.35,723.58
2013-07-31 23:46:21,1307.64,19.394,257.82,3827,1418.35,723.58
2013-07-31 23:46:26,1307.64,19.394,257.82,3827,1418.35,723.58
2013-07-31 23:46:31,1307.64,19.394,257.82,3827,1418.35,723.58
2013-07-31 23:46:36,1307.64,19.394,257.82,3827,1418.35,723.58
2013-07-31 23:46:41,1307.64,19.394,257.82,3827,1418.35,723.58
2013-07-31 23:46:46,1307.64,19.394,257.82,3827,1418.35,723.58
2013-07-31 23:46:51,1307.64,19.394,257.82,3827,1418.35,723.58
2013-07-31 23:46:56,1307.64,19.394,257.82,3827,1418.35,723.58
2013-07-31 23:47:01,1307.64,19.394,257.82,3827,1418.35,723.58
2013-07-31 23:47:06,1307.64,19.394,257.82,3827,1418.35,723.58
2013-07-31 23:47:12,1307.64,19.394,257.82,3827,1418.35,723.58
2013-07-31 23:47:17,1307.64,19.394,257.82,3827,1418.35,723.58
2013-07-31 23:47:22,1307.33,19.394,257.75,3827,1418.35,723.13
2013-07-31 23:47:27,1307.33,19.394,257.75,3827,1418.35,723.13
2013-07-31 23:47:32,1307.33,19.394,257.75,3827,1418.35,723.13
2013-07-31 23:47:37,1307.33,19.394,257.75,3827,1418.35,723.13
2013-07-31 23:47:42,1307.33,19.394,257.75,3827,1418.35,723.13
2013-07-31 23:47:47,1307.33,19.394,257.75,3827,1418.35,723.13
2013-07-31 23:47:52,1307.33,19.394,257.75,3827,1418.35,723.13
2013-07-31 23:47:57,1307.33,19.394,257.75,3827,1418.35,723.13
2013-07-31 23:48:02,1307.33,19.394,257.75,3827,1418.35,723.13
2013-07-31 23:48:07,1307.33,19.394,257.75,3827,1418.35,723.13
2013-07-31 23:48:13,1307.33,19.394,257.75,3827,1418.35,723.13
2013-07-31 23:48:18,1307.33,19.394,257.75,3827,1418.35,723.13
2013-07-31 23:48:23,1307.33,19.394,257.75,3827,1418.35,723.13
2013-07-31 23:48:28,1307.33,19.394,257.75,3827,1418.35,723.13
2013-07-31 23:48:33,1307.33,19.394,257.75,3827,1418.35,723.13
2013-07-31 23:48:38,1307.33,19.394,257.75,3827,1418.35,723.13
2013-07-31 23:48:43,1307.33,19.394,257.75,3827,1418.35,723.13
2013-07-31 23:48:48,1307.33,19.394,257.75,3827,1418.35,723.13
2013-07-31 23:48:53,1307.33,19.394,257.75,3827,1418.35,723.13
2013-07-31 23:48:58,1307.33,19.394,257.75,3827,1418.35,723.13
2013-07-31 23:49:03,1307.33,19.394,257.75,3827,1418.35,723.13
2013-07-31 23:49:08,1307.33,19.394,257.75,3827,1418.35,723.13
2013-07-31 23:49:13,1307.33,19.394,257.75,3827,1418.35,723.13
2013-07-31 23:49:18,1307.33,19.394,257.75,3827,1418.35,723.13
2013-07-31 23:49:23,1307.55,19.414,257.80,3831,1418.35,723.00
2013-07-31 23:49:29,1307.55,19.414,257.80,3831,1418.35,723.00
2013-07-31 23:49:34,1307.55,19.414,257.80,3831,1418.35,723.00
2013-07-31 23:49:39,1307.55,19.414,257.80,3831,1418.35,723.00
2013-07-31 23:49:44,1307.55,19.414,257.80,3831,1418.35,723.00
2013-07-31 23:49:49,1307.55,19.414,257.80,3831,1418.35,723.00
2013-07-31 23:49:54,1307.55,19.414,257.80,3831,1418.35,723.00
2013-07-31 23:49:59,1307.55,19.414,257.80,3831,1418.35,723.00
2013-07-31 23:50:04,1307.55,19.414,257.80,3831,1418.35,723.00
2013-07-31 23:50:09,1307.55,19.414,257.80,3831,1418.35,723.00
2013-07-31 23:50:14,1307.55,19.414,257.80,3831,1418.35,723.00
2013-07-31 23:50:19,1307.55,19.414,257.80,3831,1418.35,723.00
2013-07-31 23:50:24,1307.55,19.414,257.80,3831,1418.35,723.00
2013-07-31 23:50:30,1307.55,19.414,257.80,3831,1418.35,723.00
2013-07-31 23:50:35,1307.55,19.414,257.80,3831,1418.35,723.00
2013-07-31 23:50:40,1307.55,19.414,257.80,3831,1418.35,723.00
2013-07-31 23:50:45,1307.55,19.414,257.80,3831,1418.35,723.00
2013-07-31 23:50:50,1307.55,19.414,257.80,3831,1418.35,723.00
2013-07-31 23:50:55,1307.55,19.414,257.80,3831,1418.35,723.00
2013-07-31 23:51:00,1307.55,19.414,257.80,3831,1418.35,723.00
2013-07-31 23:51:05,1307.55,19.414,257.80,3831,1418.35,723.00
2013-07-31 23:51:10,1307.55,19.414,257.80,3831,1418.35,723.00
2013-07-31 23:51:15,1307.55,19.414,257.80,3831,1418.35,723.00
2013-07-31 23:51:20,1307.55,19.414,257.80,3831,1418.35,723.00
2013-07-31 23:51:25,1307.37,19.414,257.76,3831,1418.20,723.20
2013-07-31 23:51:31,1307.52,19.414,257.79,3831,1418.20,723.20
2013-07-31 23:51:36,1307.55,19.414,257.80,3831,1418.20,723.20
2013-07-31 23:51:41,1307.57,19.414,257.80,3831,1418.20,723.20
2013-07-31 23:51:46,1307.72,19.414,257.83,3831,1418.20,723.20
2013-07-31 23:51:51,1307.68,19.424,257.82,3833,1418.20,723.20
2013-07-31 23:51:56,1307.68,19.424,257.82,3833,1418.20,723.50
2013-07-31 23:52:01,1307.57,19.424,257.80,3833,1418.20,723.50
2013-07-31 23:52:06,1307.52,19.414,257.79,3831,1418.20,723.50
2013-07-31 23:52:11,1307.51,19.414,257.79,3831,1418.20,723.50
2013-07-31 23:52:17,1307.58,19.414,257.80,3831,1418.20,723.50
2013-07-31 23:52:22,1307.57,19.414,257.80,3831,1418.20,723.50
2013-07-31 23:52:27,1307.57,19.414,257.80,3831,1418.20,723.50
2013-07-31 23:52:32,1307.57,19.414,257.80,3831,1418.20,723.50
2013-07-31 23:52:37,1307.57,19.414,257.80,3831,1418.20,723.50
2013-07-31 23:52:42,1307.57,19.414,257.80,3831,1418.20,723.50
2013-07-31 23:52:47,1307.57,19.414,257.80,3831,1418.20,723.50
2013-07-31 23:52:52,1307.57,19.414,257.80,3831,1418.20,723.50
2013-07-31 23:52:57,1307.57,19.414,257.80,3831,1418.20,723.50
2013-07-31 23:53:02,1307.57,19.414,257.80,3831,1418.20,723.50
2013-07-31 23:53:07,1307.57,19.414,257.80,3831,1418.20,723.50
2013-07-31 23:53:12,1307.57,19.414,257.80,3831,1418.20,723.50
2013-07-31 23:53:17,1307.57,19.414,257.80,3831,1418.20,723.50
2013-07-31 23:53:23,1307.48,19.419,257.78,3831,1418.30,723.35
2013-07-31 23:53:28,1307.32,19.404,257.75,3829,1418.30,723.35
2013-07-31 23:53:33,1307.32,19.404,257.75,3829,1418.30,723.35
2013-07-31 23:53:38,1307.32,19.404,257.75,3829,1418.30,723.35
2013-07-31 23:53:43,1307.32,19.404,257.75,3829,1418.30,723.35
2013-07-31 23:53:48,1307.32,19.404,257.75,3829,1418.30,723.35
2013-07-31 23:53:53,1307.32,19.404,257.75,3829,1418.30,723.35
2013-07-31 23:53:58,1307.32,19.404,257.75,3829,1418.30,723.35
2013-07-31 23:54:03,1307.32,19.404,257.75,3829,1418.30,723.35
2013-07-31 23:54:08,1307.32,19.404,257.75,3829,1418.30,723.35
2013-07-31 23:54:13,1307.32,19.404,257.75,3829,1418.30,723.35
2013-07-31 23:54:19,1307.32,19.404,257.75,3829,1418.30,723.35
2013-07-31 23:54:24,1307.32,19.404,257.75,3829,1418.30,723.35
2013-07-31 23:54:29,1307.32,19.404,257.75,3829,1418.30,723.35
2013-07-31 23:54:34,1307.32,19.404,257.75,3829,1418.30,723.35
2013-07-31 23:54:39,1307.32,19.404,257.75,3829,1418.30,723.35
2013-07-31 23:54:44,1307.32,19.404,257.75,3829,1418.30,723.35
2013-07-31 23:54:49,1307.32,19.404,257.75,3829,1418.30,723.35
2013-07-31 23:54:54,1307.32,19.404,257.75,3829,1418.30,723.35
2013-07-31 23:54:59,1307.32,19.404,257.75,3829,1418.30,723.35
2013-07-31 23:55:04,1307.32,19.404,257.75,3829,1418.30,723.35
2013-07-31 23:55:09,1307.32,19.404,257.75,3829,1418.30,723.35
2013-07-31 23:55:14,1307.32,19.404,257.75,3829,1418.30,723.35
2013-07-31 23:55:19,1307.32,19.404,257.75,3829,1418.30,723.35
2013-07-31 23:55:25,1307.81,19.424,257.85,3833,1418.25,722.85
2013-07-31 23:55:30,1307.78,19.424,257.84,3833,1418.25,722.85
2013-07-31 23:55:35,1307.82,19.424,257.85,3833,1418.25,722.85
2013-07-31 23:55:40,1307.79,19.424,257.85,3833,1418.25,722.85
2013-07-31 23:55:45,1307.79,19.424,257.85,3833,1418.25,722.85
2013-07-31 23:55:50,1307.79,19.424,257.85,3833,1418.25,722.85
2013-07-31 23:55:55,1307.79,19.424,257.85,3833,1418.25,722.85
2013-07-31 23:56:00,1307.79,19.424,257.85,3833,1418.25,722.85
2013-07-31 23:56:05,1307.79,19.424,257.85,3833,1418.25,722.85
2013-07-31 23:56:10,1307.79,19.424,257.85,3833,1418.25,722.85
2013-07-31 23:56:16,1307.79,19.424,257.85,3833,1418.25,722.85
2013-07-31 23:56:21,1307.79,19.424,257.85,3833,1418.25,722.85
2013-07-31 23:56:26,1307.79,19.424,257.85,3833,1418.25,722.85
2013-07-31 23:56:31,1307.79,19.424,257.85,3833,1418.25,722.85
2013-07-31 23:56:36,1307.79,19.424,257.85,3833,1418.25,722.85
2013-07-31 23:56:41,1307.79,19.424,257.85,3833,1418.25,722.85
2013-07-31 23:56:46,1307.79,19.424,257.85,3833,1418.25,722.85
2013-07-31 23:56:51,1307.79,19.424,257.85,3833,1418.25,722.85
2013-07-31 23:56:56,1307.79,19.424,257.85,3833,1418.25,722.85
2013-07-31 23:57:01,1307.79,19.424,257.85,3833,1418.25,722.85
